name,id
Bettinger,XKp8JuwAAAAJ
Bockstaller,VQJVBdMAAAAJ
Cohen-Karni,7dey80AAAAAJ
DeGraef,ZTnog9YAAAAJ
Dickey,0P7IAs8AAAAJ
Feinberg,cncJ21oAAAAJ
Heard,ZdkogE8AAAAJ
Islam,SL5tv4gAAAAJ
Krause,l5EsegcAAAAJ
Kurchin,CSHe53oAAAAJ
Marom,iz8reBoAAAAJ
Mayer,-x16PXsAAAAJ
McHenry,jtorb88AAAAJ
O'Connor,asQ8ccIAAAAJ
Pistorius,oP6n73gAAAAJ
Porter,RrSOHq8AAAAJ
Rohrer,eLe4eJEAAAAJ
Rollett,K5ja68wAAAAJ
Salvador,vO15bQkAAAAJ
Skowronski,IFFsG-oAAAAJ
Sokalski,NmnYW7cAAAAJ
Taheri-Mousavi,G5ZrIsIAAAAJ
Towe,
Webler,MFLMm8YAAAAJ
Whitacre,NIaQAAUAAAAJ
